名前,ふりがな,アドレス,年齢
加瀬 賢二,かせ けんじ,kase_kenji@example.com,24
日下部 俊二,くさかべ しゅんじ,kusakabe_shunji@example.com,62
小野田 丈雄,おのだ たけお,onoda_takeo@example.com,33
岡山 奈々,おかやま なな,okayama_nana@example.com,67
川添 新太,かわぞえ あらた,kawazoe_arata@example.com,43
水川 桃子,みずかわ ももこ,mizukawa_momoko@example.com,66
江崎 涼,えざき りょう,ezaki_ryou@example.com,48
野沢 くるみ,のざわ くるみ,nozawa_kurumi@example.com,55
神木 陽子,かみき ようこ,kamiki_youko@example.com,75
日比野 法子,ひびの のりこ,hibino_noriko@example.com,45
岩佐 優,いわさ ゆう,iwasa_yuu@example.com,42
田原 薫,たはら かおる,tahara_kaoru@example.com,69
桑田 未來,くわた みらい,kuwata_mirai@example.com,32
井村 ひろ子,いむら ひろこ,imura_hiroko@example.com,25
萩原 さんま,はぎわら さんま,hagiwara_sanma@example.com,72
市村 隼士,いちむら しゅんじ,ichimura_shunji@example.com,39
諏訪 真悠子,すわ まゆこ,suwa_mayuko@example.com,46
猪股 あい,いのまた あい,inomata_ai@example.com,40
井川 達士,いがわ たつひと,igawa_tatsuhito@example.com,44
塩田 華子,しおた はなこ,shiota_hanako@example.com,34
尾崎 友以乃,おざき ゆいの,ozaki_yuino@example.com,42
神崎 めぐみ,かんざき めぐみ,kanzaki_megumi@example.com,66
湊 奈月,みなと なつき,minato_natsuki@example.com,40
田沢 菊生,たざわ きくお,tazawa_kikuo@example.com,22
松谷 希,まつたに のぞみ,matsutani_nozomi@example.com,61
吉野 晋也,よしの しんや,yoshino_shinya@example.com,59
清野 美智子,きよの みちこ,kiyono_michiko@example.com,58
竹中 美菜,たけなか みな,takenaka_mina@example.com,45
照井 花,てるい はな,terui_hana@example.com,80
畑中 奈央,はたなか なお,hatanaka_nao@example.com,54
竹内 恵望子,たけうち えみこ,takeuchi_emiko@example.com,63
末永 朝香,すえなが あさか,suenaga_asaka@example.com,62
沢田 たかお,さわだ たかお,sawada_takao@example.com,36
松山 寿明,まつやま としあき,matsuyama_toshiaki@example.com,44
寺沢 真帆,てらさわ まほ,terasawa_maho@example.com,29
瀬戸 咲,せと さき,seto_saki@example.com,75
小杉 隆太,こすぎ りゅうた,kosugi_ryuuta@example.com,59
原田 禄郎,はらだ ろくろう,harada_rokurou@example.com,24
進藤 三郎,しんどう さぶろう,shinndou_saburou@example.com,57
那須 奈月,なす なつき,nasu_natsuki@example.com,68
中尾 茂樹,なかお しげき,nakao_shigeki@example.com,58
柳家 正敏,やなぎや まさとし,yanagiya_masatoshi@example.com,39
根本 一代,ねもと かずよ,nemoto_kazuyo@example.com,79
船橋 美月,ふなばし みづき,funabashi_miduki@example.com,75
深井 一輝,ふかい かずき,fukai_kazuki@example.com,23
相沢 真吾,あいざわ しんご,aizawa_shingo@example.com,70
黒田 翔,くろた しょう,kurota_shou@example.com,70
熊井 隆博,くまい たかひろ,kumai_takahiro@example.com,61
小高 薫,こだか かおる,kodaka_kaoru@example.com,27
田中 洋介,たなか ようすけ,tanaka_yousuke@example.com,46
